id,avtor
1bdv35xaykwwsb40,šjorca
k5k7au0hrsfu2zqd,stana.r
1bdv35xaykwwsb40,šjorca
jasnalekan,JasnaLekan
ucs4w5y9tqcoxg5o,p|na
kyara,Kyara
p8uwoece9l1wgagg,coco chanel
Blanchy,Blanchy
Loni,Loni
riko,Riko
k5k7au0hrsfu2zqd,stana.r
e8f6n48nx9z67ata,teta torta
matic,MATIC
marelica,marelica
vitajan,vitajan
1bdv35xaykwwsb40,šjorca
ligojna,ligojna
suzanaz,SUZANAZ
boonkoo,boonkoo
n44bs0kszsickmks,Tanja Kocjan
milanka,MILANKA
misslady,MissLady
anja27,anja27
pina,pina
roncolino,Roncolino
rene,rene
riko,Riko
ledenka_,ledenka_
msegov,msegov
riko,Riko
tjanca,Tjanca
KuharicaStoja,KuharicaStoja
anazus,anazus
evamaja,evamaja
damjanas,damjanas
mfa7nqe1zmhz10sy,Peteruška
ml9ze7w0sxb5f4k1,mateja.vidic
mobng12,mobng12
harmonija,harmonija
marinka,Marinka
jade,jade
mansaj,mansaj
jannaa,Jannaa
vmxxscgcvln59494,Natalija A.
marinka,Marinka
katka0,katka0
ninck88,ninck88
galja,galja
tacyka,Tacyka
marinka,Marinka
henri,Henri
tanjam,tanjam
sarabande,sarabande
,
recepti,recepti
marinka,Marinka
cw2fkcjwqhkpx7l7,kuharska knjiga
atina,Atina
stasafrank,stasafrank
majda,majda
simona84,Simona84
tica,tica
dinna,dinna
manuelaj,manuelaj
keyj,keyj
valerci,Valerci
viva,viva
suziqatro,suziqatro
reca,Reca
riko,Riko
stasafrank,stasafrank
dete,dete
riko,Riko
jade,jade
sarabande,sarabande
dalsi,dalsi
tjanca,Tjanca
vanja_v_zda,Vanja_v_ZDA
marinka,Marinka
tiuba,TIUBA
orange,orange
marinka,Marinka
zzvone,ZZVONE
mija,Mija
mamamia,mamamia
anansie,Anansie
pvxlmgerlboiytsj,magic girl
certa,certa
goga,goga
riko,Riko
ribaracarak,ribaracarak
pqp1xni8z084fd2x,tenis/kuharca
klea,Klea
p8uwoece9l1wgagg,coco chanel
kuharca87,kuharca87
maja85,Maja85
recepti,recepti
mobng12,mobng12
ivonja,ivonja
riko,Riko
sparko,sparko
tjanca,Tjanca
riko,Riko
misolovka,Misolovka
pegasti,pegasti
77i7vcpswfcizk1e,Tanči
387nsx1q7xkldeh5,Suzana Kolenc
dalsi,dalsi
jade,jade
gizelca,gizelca
ribica,ribica
doriika,doriika
marinka,Marinka
mijan,Mijan
rokco,ROKCO
mamamia,mamamia
e8jorvq209b9tqdr,Katja Rožman
gogad,gogad
piaa,piaa
1bdv35xaykwwsb40,šjorca
malakuharca,malakuharca
berny,berny
dafke,Dafke
rebeka,Rebeka
Rozmarincek,anamarija1
majdi,majdi
carmen,carmen
taia,Taia
merrii,merrii
piap,piap
katkad,KatkaD
jade,jade
milojka,Milojka
ela,ela
anansie,Anansie
mojke,mojke
riko,Riko
riko,Riko
matic,MATIC
val,val
val,val
,
cykzs2eahazxttxp,leiiča
n43g7b0hxr0h5pls,karapandža
galja,galja
k5k7au0hrsfu2zqd,stana.r
6pq2kk9l305g52h8,Cukrčk
jiic23j3bygagxo7,hrči
leja,LEJA
riko,Riko
aki,aki
darjuska,darjuška
migla,Migla
karmelinca,Karmelinca
veri,Veri
75sujm6nffmrzfuv,White Daisy
mamamia,mamamia
76lsnm6i4fblornw,golubić
renatana,renatana
dgf4zn05uk5htvs4,DUŠANKA
645xo26kvfk2k05t,MAJA 007
cutie,cutie
wqym8imww6t0otbi,Vendelina jr.
vanja_v_zda,Vanja_v_ZDA
bannanna,bannanna
anja,anja
09vby3lukxhbwrjl,Jerneja USA
,
w0crvf64f4fsoygb,a1
MorskaMedvedka,morska medvedka
katjaf,katjaf
tibe,tibe
minkica,minkica
marta,marta
gianja,gianja
jyzioujfehj09g97,Katja D
trezika,trezika
venturini,Venturini
dascha,dascha
galja,galja
majdi,majdi
marinka,Marinka
ogtze60n3kv66hw4,klavdija mustar
riko,Riko
marko137,Marko137
darka56,darka56
Alna,Trobec
jasna1,jasna1
petramark,petramark
levinjav,Levinjav
,
btw7a10tzi3fuawl,Pitončica
vanjatajnsek,vanjatajnsek
nikitamena,Nikitamena
mary,mary
miram,miram
ljuljak,ljuljak
marta,marta
,
jokl,JOKL
riko,Riko
k5k7au0hrsfu2zqd,stana.r
bannanna,bannanna
luka,luka
vanja_v_zda,Vanja_v_ZDA
3r4e6zch1crwz3pi,mlada kuharica
rskulj,rskulj
Rozmarincek,anamarija1
kokos,kokos
DBpek,DBpek
loredana,Loredana
migla,Migla
majdi,majdi
,
aja,Aja
abby,Abby
jade,jade
Rozmarincek,anamarija1
Rozmarincek,anamarija1
nicol,nicol
noa,Noa
zupca,Zupca
5lojcl5yv1z8vtj5,sunflower@
mamazeljka,mamazeljka
paia8ion0xfnfpbk,t-baby
bojanam,bojanam
junior,junior
veverica,veverica
mamaf,mamaF
veri,Veri
wuhmoy2amhko0woj,lili A.
tiuba,TIUBA
skoce,skoce
titta,titta
majdi,majdi
pupika001,PUPIKA001
marinka,Marinka
jannaa,Jannaa
w0crvf64f4fsoygb,a1
mikrob,Mikrob
tasau,tasau
dgf4zn05uk5htvs4,DUŠANKA
peresce,peresce
tjanca,Tjanca
brigita23,brigita23
Rozmarincek,anamarija1
marta,marta
anja27,anja27
bozena,bozena
tulka,tulka
milojka,Milojka
karin_,karin_
83uxdyk36smq6cmq,dejanči
bonanza,bonanza
1bdv35xaykwwsb40,šjorca
plopsa,plopsa
santina,santina
,
drot,DROT
izletnica,Slavica 52
vn1983,vn1983
KuharicaStoja,KuharicaStoja
macica,macica
bucka,BUCKA
e8f6n48nx9z67ata,teta torta
mamamia,mamamia
riko,Riko
1dviwr82i8zfrmrg,nb
kokos,kokos
bernarda85,Bernarda85
katiuscia,katiuscia
lsustar,lsustar
cukerpeker,cukerpeker
sabinka,sabinka
riko,Riko
poticka1234,poticka1234
levinjav,Levinjav
rukula,rukula
marta,marta
valerci,Valerci
,
jade,jade
val,val
cvetanataubika,cvetanataubika
marinka,Marinka
vileda,vileda
slovinkita,slovinkita
tiuba,TIUBA
rebeka,Rebeka
tz8oifnfivazrtlr,jagoda_čokolada
klavdijaf,klavdijaF
tincy202,tincy202
janca,janca
Balenka,Balenka
marinka,Marinka
z0jovb2yhdjzhiyd,mojca.re
pinki,pinki
pinki,pinki
mojca32,Mojca32
muffin,muffin
ub7w73aoeey1bujy,katka lopatka
sijatjanek,sijatjanek
Liljanca,Lana1
migla,Migla
v9zoq1y10fbrrp68,bc
val,val
xgkk5hh272vlrbin,MA-RE
sloncica,SLONCICA
redika,redika
goranka,goranka
leina,LeINA
mayyci,mayyci
bannanna,bannanna
gocap,GocaP
jasna1,jasna1
jade,jade
riko,Riko
dusano,Dusano
coconut,coconut
karolina,Karolina
karolina,Karolina
nivkapivka,nivkapivka
22ihajte1y1nwo33,Miškolina
galja,galja
migla,Migla
,
drqpskerqq464sf1,mariborčanka
tejch,tejch
basti,Basti
majdi,majdi
mamaf,mamaF
evita,Evita
k5k7au0hrsfu2zqd,stana.r
sissi,sissi
fresh,fresh
gqzgzjmrwov2vcdj,terlikar 1
,
migla,Migla
631141,631141
talijaa,talijaa
asja,Asja
sunny79,sunny79
lmd05mtulumzmkau,kobra 1
riko,Riko
marinka,Marinka
ursacol02,ursacol02
titta,titta
zboxymm15k679kdb,tanyči
minkica,minkica
jade,jade
59q9jzzfg3bucmju,JERNEJA K.
ukjs79ctspkpxb1k,mišika
slopumpkins,slopumpkins
4extdyr1q247t7l9,anja.sr
migla,Migla
val,val
,
bannanna,bannanna
rebecca,rebecca
8zkrzuoiu6bsg8ui,Sweetness Bakery
marta,marta
lonalina,lonalina
tintin,TinTin
,
petika,petika
marta,marta
MorskaMedvedka,morska medvedka
plezalka,plezalka
riko,Riko
galja,galja
dascha,dascha
ribica,ribica
mamazeljka,mamazeljka
majdi,majdi
jade,jade
luka007,luka007
jerca,Jerca
dalsi,dalsi
venturini,Venturini
bernarda85,Bernarda85
1dviwr82i8zfrmrg,nb
mobng12,mobng12
evamaja,evamaja
Rozmarincek,anamarija1
barbi23,barbi23
riko,Riko
lidka,lidka
bannanna,bannanna
nikki,nikki
,
dalsi,dalsi
anja,anja
7indi61bjpz3o2pu,piščanec
urssula,urssula
janadam,janadam
marinka,Marinka
matejci,Matejci
anja27,anja27
pinki,pinki
anjaboris,anjaboris
72fvhtm4hsu9wdyl,bojči
bozena,bozena
jade,jade
uj25,uj25
Nives87,Nives87
hi18yp0tspps1ost,Sy
jasnalekan,JasnaLekan
maagnolia,maagnolia
sladana,Sladana
migla,Migla
lmiran,lmiran
migla,Migla
riko,Riko
aki,aki
enanova,enanova
,
migla,Migla
lucka52,lucka52
boonkoo,boonkoo
ligojna,ligojna
yabl9hcmwrf3shc8,miška
pegasti,pegasti
ksenjako,ksenjako
bozena,bozena
julia,julia
riko,Riko
p8uwoece9l1wgagg,coco chanel
matejavres,matejavres
btw7a10tzi3fuawl,Pitončica
fleur,fleur
anagerzina,anagerzina
,
val,val
bela_vrtnica,Zvezdana
dobrojesti,dobrojesti
vanja_v_zda,Vanja_v_ZDA
srcek,srcek
galja,galja
riko,Riko
sweetie,Sweetie
sxsvdc7rfb7goydw,žana
Tadeja_k,Tadeja_k
tiuba,TIUBA
ninja24,Ninja24
bernarda85,Bernarda85
ajvika,ajvika
julia,julia
Loni,Loni
bojanam,bojanam
leteja,Leteja
senka,senka
trot,trot
lunastar,lunastar
vanja_v_zda,Vanja_v_ZDA
leyla_,Leyla_
pvxlmgerlboiytsj,magic girl
burbonka,burbonka
ligojna,ligojna
mamamia,mamamia
angelique,Angelique
karamazov,karamazov
Tjasa82,Tjasa82
vanja_v_zda,Vanja_v_ZDA
mamamia,mamamia
kx0pi9ke7t7zgi4h,.packa.
mamamia,mamamia
s09c9rrprvy0g5ao,sabina bina
vhvdjz5ifquxzsuo,brči
,
katja_no1,katja_no1
Rozmarincek,anamarija1
jannaa,Jannaa
dafke,Dafke
prekmurc,prekmurc
slava,slava
misolovka,Misolovka
trixi,Trixi
sweetie,Sweetie
recepti,recepti
Loni,Loni
alen1993,alen1993
rimljanka,rimljanka
roncolino,Roncolino
7indi61bjpz3o2pu,piščanec
btw7a10tzi3fuawl,Pitončica
ligojna,ligojna
ibiza,ibiza
sissi,sissi
val,val
bojan79,bojan79
marinka,Marinka
karmenslo,karmenslo
Moana,Moana
mamamia,mamamia
jade,jade
bannanna,bannanna
jasnokrasna,jasnokrasna
sj9i7sbdx1gemmvw,ursula.s
misslady,MissLady
fhsyt13bad9irubd,jure luka
deklina,DEKLINA
megi,megi
tiuba,TIUBA
val,val
bbgg,bbgg
Loni,Loni
duskamb,duskamb
bernarda85,Bernarda85
inkubaterica,inkubaterica
malan,malan
bernarda85,Bernarda85
koderkoli,koderkoli
marinka,Marinka
smernica,smernica
tiuba,TIUBA
suzi,suzi
,
marinka,Marinka
gordana,gordana
bogot,BogoT
umki,umki
kristinag,KristinaG
btw7a10tzi3fuawl,Pitončica
spagon,spagon
riko,Riko
majekzmajek,majekzmajek
martinazu,martinazu
elaphus,elaphus
Loni,Loni
anagerzina,anagerzina
marinka,Marinka
sladkosned,sladkosned
veri,Veri
jolbedzvqi997j2d,uros 99
w0crvf64f4fsoygb,a1
n44bs0kszsickmks,Tanja Kocjan
o6ce6v0b0xabmgx1,renata.zagmajster@kabelnet.net
u9dbgx1l23x5wadt,baby girl
migla,Migla
pumpkin,Pumpkin
anja27,anja27
u9dbgx1l23x5wadt,baby girl
mansaj,mansaj
majdi,majdi
jelenckova,Jelenckova
DBpek,DBpek
bannanna,bannanna
anitka_,anitka_
,
roux,Roux
tjas,tjas
ifc2zwdsqchitowa,Gdč Jasmina
1bdv35xaykwwsb40,šjorca
bannanna,bannanna
gocap,GocaP
scorpy,Scorpy
bannanna,bannanna
vanja_v_zda,Vanja_v_ZDA
sweetie,Sweetie
riko,Riko
tjanca,Tjanca
arepnik,arepnik
xzevy5dpgt2st6ws,Rožica
stanka,stanka
barbaronca,barbaronca
sabinicak,SabinicaK
bellatrix,bellatrix
ursa40,ursa40
muffin,muffin
alovsin,alovsin
btw7a10tzi3fuawl,Pitončica
al1a,Al1a
marinka,Marinka
annabella25,Annabella25
lellykely,lellykely
dgf4zn05uk5htvs4,DUŠANKA
marinka,Marinka
kokos,kokos
Rozmarincek,anamarija1
MorskaMedvedka,morska medvedka
ogtze60n3kv66hw4,klavdija mustar
z3z1gjibg9a848ms,angie.orhideja
mamamia,mamamia
kikerada,kikerada
9lcucaxk7y9l02oj,dišeči vrt
jade,jade
AMBA,MABI
rmsk6ku15pj21by5,maja g
kalcicl,kalcicl
pupika001,PUPIKA001
veverica,veverica
reby,Reby
vanja_v_zda,Vanja_v_ZDA
klea,Klea
ZvonkaK,ZvonkaK
karmenslo,karmenslo
galja,galja
plezalka,plezalka
tanja26,tanja26
mamamia,mamamia
pmhnkhxgx7f11h13,Gašper Kukec
marinka,Marinka
mt0hknlq8uuvanxc,Marjetka cvetka
Janca_Pomaranca,3.14jana
sarabande,sarabande
anastassya,anastassya
misslady,MissLady
kreich,kreich
misslady,MissLady
bojci28,bojci28
marinka,Marinka
anagerzina,anagerzina
tinkerbell,Tinkerbell
_zala_,_ZALA_
darjuska,darjuška
zima,zima
reby,Reby
vanja_v_zda,Vanja_v_ZDA
lady_l,Lady_L
rk8hsl451dgej5hg,mala mare
631141,631141
wv7xc5m2yhmgybs1,Veronika :)
nana1,nana1
lidia,lidia
bucka,BUCKA
marta,marta
darjuska,darjuška
dalsi,dalsi
lona,LoNa
kikerada,kikerada
marinka,Marinka
marta,marta
milojka,Milojka
4oby0vc980pztdq2,Zara-Marisa
vanja_v_zda,Vanja_v_ZDA
breskev,breskev
nalin,nalin
sweets,sweets
pia4,pia4
ushergirl,ushergirl
sonic,sonic
Rozmarincek,anamarija1
lucka52,lucka52
majdi,majdi
midvakuhava,midvakuhava
dascha,dascha
qh5rsw3geih1jezd,Angel Eyes
zes5ana,zes5ana
elaphus,elaphus
bgajo,bgajo
mansaj,mansaj
ml9ze7w0sxb5f4k1,mateja.vidic
juditat,juditat
ub7w73aoeey1bujy,katka lopatka
anja,anja
bogomira,Bogomira
elaphus,elaphus
riko,Riko
riko,Riko
megi,megi
migla,Migla
,
andreia,Andreia
hope,hope
KuharicaStoja,KuharicaStoja
Ognjic,Ognjič
dascha,dascha
Rozmarincek,anamarija1
strastna,strastna
izletnica,Slavica 52
grumova,grumova
mufin,mufin
anja,anja
dgf4zn05uk5htvs4,DUŠANKA
tameeeq,Tameeeq
tashika,Tashika
anja27,anja27
Lepa_Vida,Lepa_Vida
marta,marta
majdi,majdi
elaphus,elaphus
btw7a10tzi3fuawl,Pitončica
majdi,majdi
ledenka_,ledenka_
bernarda85,Bernarda85
riko,Riko
ivona,ivona
lucka52,lucka52
nadine,Nadine
anja89,anja89
marna,Marna
sweets,sweets
morska__deklica,Morska deklica
marinka,Marinka
marinka,Marinka
stani,stani
ogtze60n3kv66hw4,klavdija mustar
ogtze60n3kv66hw4,klavdija mustar
Ognjic,Ognjič
val330int,val330int
Sandra_a,Sandra_a
linolina,linolina
katkad,KatkaD
pinki,pinki
val,val
wqym8imww6t0otbi,Vendelina jr.
tamalaursa,tamalaursa
nia,NIA
nemo,nemo
kristinag,KristinaG
Vrtejbenka,Vrtejbenka
ddarinka,ddarinka
tiuba,TIUBA
wqym8imww6t0otbi,Vendelina jr.
cw3eg6nt3t8py29f,dj
dgf4zn05uk5htvs4,DUŠANKA
tasau,tasau
gooffy,gooffy
wqym8imww6t0otbi,Vendelina jr.
ogtze60n3kv66hw4,klavdija mustar
majuska,Majuska
ssilva,ssilva
lucka52,lucka52
migla,Migla
Rozmarincek,anamarija1
pesnica,Pesnica
vanja_v_zda,Vanja_v_ZDA
hali,HALI
natkas,natkas
janja,Janja
jade,jade
goranka,goranka
apoto,apoto
sloncica,SLONCICA
sonjab,SonjaB
pzfpo6hpcdrhcoxx,Matejčika
ligojna,ligojna
mamamia,mamamia
zes5ana,zes5ana
sweets,sweets
p8uwoece9l1wgagg,coco chanel
mufin,mufin
nivkapivka,nivkapivka
matevz704,matevz704
mamamia,mamamia
pika1,PIKA1
lidka,lidka
0838guq8x94i4t9q,A.Jerneja
fhw878gh0g8y690a,mala žaba
kristinag,KristinaG
rimljanka,rimljanka
sonchika,sonchika
rebeka,Rebeka
galja,galja
tjas,tjas
carmen,carmen
anja,anja
herkules,herkules
vanja87,Vanja87
marta,marta
marinka,Marinka
wrqqvycl6iiugwx5,Šef Sebastjan
sweetie,Sweetie
jyzioujfehj09g97,Katja D
pu2ycx2ernbmhow7,brigita.k.
giftman,giftman
ursa40,ursa40
kissmyass,kissmyass
sokec,sokec
marinka,Marinka
jokl,JOKL
ella,Ella
jade,jade
cedevita,cedevita
mamamia,mamamia
mmmuffinsandco,mmmuffinsandco
lenke,lenke
karamazov,karamazov
gerberaa,gerberaa
4hiivqnvyd6xzypt,Danijela-6
hali,HALI
tjas,tjas
zrnek,ZRNEK
MorskaMedvedka,morska medvedka
jade,jade
tejcika4,tejčika
bbgg,bbgg
vanilija76,vanilija76
btw7a10tzi3fuawl,Pitončica
senka,senka
xh91665q1yxbta8l,maičko*
ogtze60n3kv66hw4,klavdija mustar
wildtigress,WildTigress
marinka,Marinka
santina,santina
a8m48zmkyxtdqhth,*~Petra~*
js0ocdg7qod6tnzt,Barbara Serbec
migla,Migla
sweetie,Sweetie
mamka,mamka
janinka,Janinka
galja,galja
ninkica,ninkica
livijabiba,livijabiba
katti,katti
ligojna,ligojna
funuk11,funuk11
2khzegjxid7zer50,Katarina K
sweetie,Sweetie
lidia,lidia
tjasa79,tjasa79
medvedica,medvedica
veri,Veri
pikapolonica80,pikapolonica80
atina,Atina
Rozmarincek,anamarija1
Tadeja_k,Tadeja_k
kokos,kokos
9erpmju67ya25m7s,teti kristina
krotilda,krotilda
ligojna,ligojna
,
cokolada,Cokolada
jasna47,jasna47
tatkap,TatkaP
xh91665q1yxbta8l,maičko*
stani,stani
vanja_v_zda,Vanja_v_ZDA
muffin,muffin
lidka,lidka
tasau,tasau
bucka,BUCKA
Piya,Piya
katti,katti
srcek,srcek
1bdv35xaykwwsb40,šjorca
14moniii,14moniii
5b9fookqc2egvnfc,*CaTh*
dgf4zn05uk5htvs4,DUŠANKA
i7o6kjezeifc6vgz,la tina
vanja_v_zda,Vanja_v_ZDA
anja,anja
val,val
majdi,majdi
val330int,val330int
taia,Taia
misolovka,Misolovka
nemo,nemo
vijolica,vijolica
majdi,majdi
DANY80,DANY80
plezalka,plezalka
roncolino,Roncolino
marta,marta
pppp,pppp
ledenka_,ledenka_
fleur,fleur
sj9i7sbdx1gemmvw,ursula.s
irena19,Irena19
tinka85,tinka85
n5r0ofars98qtrg2,ČRNICA
btw7a10tzi3fuawl,Pitončica
riko,Riko
klavdija80,klavdija80
mitja1,mitja1
moven,moven
vanja_v_zda,Vanja_v_ZDA
mili25,mili25
jade,jade
zmesnjavca,zmesnjavca
marinka,Marinka
Rozmarincek,anamarija1
tulka,tulka
u8m1rqhtq3vdzv9b,Katjuška
btw7a10tzi3fuawl,Pitončica
patrisha,patrisha
ameli,ameli
aki,aki
tiuba,TIUBA
dalsi,dalsi
senka,senka
7indi61bjpz3o2pu,piščanec
katjusa,katjusa
vanja_v_zda,Vanja_v_ZDA
marinka,Marinka
jovita,jovita
zes5ana,zes5ana
missan,missan
ccivpgqqz8nd0mkv,Marina 46
julya,Julya
plezalka,plezalka
MorskaMedvedka,morska medvedka
Vrtejbenka,Vrtejbenka
1bdv35xaykwwsb40,šjorca
kokos,kokos
goga,goga
,
trixi,Trixi
m6ud0949cg7588r0,živica
anagerzina,anagerzina
maurina,maurina
w9tpwr5gr3oll9gp,~witch~fire
valeria,valeria
qf8nmyfxcdm82kax,činča
mamamia,mamamia
sarabande,sarabande
seherezada,seherezada
herkules,herkules
mamaf,mamaF
,
zmesnjavca,zmesnjavca
mojca2,mojca2
44s92zc8bu50qgw7,BABI 2+2
bannanna,bannanna
ab5aiu3xhk8z9n1s,cačko
dgf4zn05uk5htvs4,DUŠANKA
vanja_v_zda,Vanja_v_ZDA
23dqt17rmaqm0jy4,Dragička
dgf4zn05uk5htvs4,DUŠANKA
k5k7au0hrsfu2zqd,stana.r
4oby0vc980pztdq2,Zara-Marisa
gqzgzjmrwov2vcdj,terlikar 1
ligojna,ligojna
jade,jade
zes5ana,zes5ana
sijatjanek,sijatjanek
majuscka,Majuscka
btw7a10tzi3fuawl,Pitončica
bogomira,Bogomira
gocap,GocaP
mamamia,mamamia
anze,anze
sloncica,SLONCICA
ejsidisi,ejsidisi
kristinag,KristinaG
riko,Riko
izid,izid
sarabande,sarabande
gerberaa,gerberaa
btw7a10tzi3fuawl,Pitončica
hlpgmsc2ev92bgms,URŠA_mojstrica
bannanna,bannanna
jiic23j3bygagxo7,hrči
kalcicl,kalcicl
sebastjana,Sebastjana
luccka,luccka
anagerzina,anagerzina
anja27,anja27
zes5ana,zes5ana
zyshkx6qu5h6nlub,lenci 123
riko,Riko
janja14,janja14
sarabande,sarabande
darjapot,darjapot
malan,malan
Rozmarincek,anamarija1
gordanka,Gordanka
dona34,dona34
miszmoke,mišzmoke
andraz12,andraz12
anitae,anitae
trixi,Trixi
sweetie,Sweetie
o6chtezn5xybo6z2,ati zlati
angie24,angie24
dabbvknb8lc56oj9,björk
shumnick,shumnick
majdi,majdi
xzevy5dpgt2st6ws,Rožica
marta,marta
migla,Migla
sarabande,sarabande
Rumkuglca,Rumkuglca
Rozmarincek,anamarija1
sweetie,Sweetie
npovod1,npovod1
pegasti,pegasti
jade,jade
tara78,tara78
23dqt17rmaqm0jy4,Dragička
stani,stani
mamaf,mamaF
mamazeljka,mamazeljka
orange_1,Orange_1
kikerada,kikerada
misslady,MissLady
shumnick,shumnick
mlada_kuharica,Mlada_kuharica
trixi,Trixi
jelenckova,Jelenckova
bannanna,bannanna
bonanza,bonanza
zdenkica,Zdenkica
ub7w73aoeey1bujy,katka lopatka
galja,galja
vanja_v_zda,Vanja_v_ZDA
gordana,gordana
pupika001,PUPIKA001
anja,anja
darjuska,darjuška
anja,anja
tjas,tjas
anagerzina,anagerzina
,
neja2,neja2
jannaa,Jannaa
migla,Migla
sosana,sosana
marinka,Marinka
loredana,Loredana
mamamia,mamamia
evita,Evita
jade,jade
wqym8imww6t0otbi,Vendelina jr.
gqzgzjmrwov2vcdj,terlikar 1
monro,monro
miia,miia
cila,Cila
tjasa7,tjasa7
mobng12,mobng12
dgf4zn05uk5htvs4,DUŠANKA
ninja24,Ninja24
Sandra_a,Sandra_a
taia,Taia
galja,galja
Sandra_a,Sandra_a
mamamia,mamamia
marinka,Marinka
riko,Riko
mamamia,mamamia
tinka85,tinka85
taia,Taia
speranza,Speranza
laia22,laia22
mamamia,mamamia
anja,anja
lipec,lipec
matilda,matilda
bayjqc3gawws9it4,deklica iz kuhinje
Vrtejbenka,Vrtejbenka
72fvhtm4hsu9wdyl,bojči
wqym8imww6t0otbi,Vendelina jr.
Sandra_a,Sandra_a
cw3eg6nt3t8py29f,dj
sarabande,sarabande
boonkoo,boonkoo
z2d4jcz9k48wqr7n,d.
goga,goga
Rozmarincek,anamarija1
dori,DORI
mamazeljka,mamazeljka
bannanna,bannanna
majdi,majdi
xmd4k6r2h7eaq427,Anja Poljšak
taia,Taia
tjanca,Tjanca
mamazeljka,mamazeljka
4hiivqnvyd6xzypt,Danijela-6
taia,Taia
mamamia,mamamia
ninca,ninca
barb_b,barb_b
jade,jade
pmhnkhxgx7f11h13,Gašper Kukec
polonauran,polonauran
marta,marta
kyra,kyra
rokco,ROKCO
sokec,sokec
dafke,Dafke
sj9i7sbdx1gemmvw,ursula.s
riko,Riko
majai,Majai
peresce,peresce
p8uwoece9l1wgagg,coco chanel
dgf4zn05uk5htvs4,DUŠANKA
stella,stella
paula,Paula
kuralt,kuralt
PetraPetra,PetraPetra
jovita,jovita
btw7a10tzi3fuawl,Pitončica
4mp5geavz1zaie61,patricia 3
bannanna,bannanna
51yvontdcix932vq,urškah
MorskaMedvedka,morska medvedka
Rozmarincek,anamarija1
katti,katti
ajvika,ajvika
tarja2,tarja2
anja,anja
laranina,laranina
z3z1gjibg9a848ms,angie.orhideja
zdenkica,Zdenkica
osmica,osmica
ledenka_,ledenka_
dgf4zn05uk5htvs4,DUŠANKA
lucka52,lucka52
ZvonkaK,ZvonkaK
,
,
lejla13,Lejla13
flower_power,flower_power
npovod1,npovod1
aki,aki
lordofthespoons,Kapitan Velika Žlica
dorothea,Dorothea
dgf4zn05uk5htvs4,DUŠANKA
marinka,Marinka
anya_raikkonen,anya_raikkonen
mamaf,mamaF
vegetarijanka,vegetarijanka
vilina,Vilina
Rozmarincek,anamarija1
sweets,sweets
w0crvf64f4fsoygb,a1
riko,Riko
ales6m,ales6m
3r4e6zch1crwz3pi,mlada kuharica
kj9lqvxof1t2d9cb,TanjaG.
Simona89,Simona89
bannanna,bannanna
navzikaa,Navzikaa
capala,capala
7asgnh1r1r4yaoij,vucko1.1
ngy3jg6ymk15yw6i,Zakladnica AnaM
sherman,sherman
riko,Riko
carmen,carmen
darjuska,darjuška
zes5ana,zes5ana
5kpggpehgpn8uttj,kača
habibti,habibti
jx1aivuap5v14zek,lakom-lačen
snorci,snorci
DANY80,DANY80
riko,Riko
anja,anja
sarabande,sarabande
urssula,urssula
jelcy,jelcy
matmik1,matmik1
marec,marec
s09c9rrprvy0g5ao,sabina bina
plopsa,plopsa
rakuncek,Rakuncek
mamamia,mamamia
marta,marta
Rozmarincek,anamarija1
silva,silva
Gabyi,Gabriela
leyla_,Leyla_
fwdnbxg41bnn9kik,tinik@
lona,LoNa
rakuncek,Rakuncek
jade,jade
nalin,nalin
marta,marta
anja27,anja27
galja,galja
roncolino,Roncolino
sloncica,SLONCICA
Tanaya,Tanaya
robida,Robida
vksotlar,vksotlar
vanja_v_zda,Vanja_v_ZDA
lisicka,lisicka
katti,katti
b1jg85rep4zc9kmt,Meta J.
masters,masters
riko,Riko
jade,jade
ub7w73aoeey1bujy,katka lopatka
urssula,urssula
receptor,receptor
atina,Atina
niijnaa,niijnaa
majuscka,Majuscka
OlivaB,OlivaB
anja27,anja27
sara,sara
ssilva,ssilva
mobng12,mobng12
hanna,hanna
7indi61bjpz3o2pu,piščanec
tiuba,TIUBA
e8f6n48nx9z67ata,teta torta
marjana1a,Marjana1a
seherezada,seherezada
miska01,MISKA01
gocap,GocaP
galja,galja
stanka,stanka
matejac,matejac
bonanza,bonanza
spela,spela
marec,marec
anagerzina,anagerzina
tkangler,tkangler
katka285,katka285
