recept,avtor
3603,1bdv35xaykwwsb40
12619,k5k7au0hrsfu2zqd
8100,1bdv35xaykwwsb40
5814,jasnalekan
4364,ucs4w5y9tqcoxg5o
9431,kyara
4026,p8uwoece9l1wgagg
6549,Blanchy
1176,Loni
1773,riko
4551,k5k7au0hrsfu2zqd
6221,e8f6n48nx9z67ata
2789,matic
5851,marelica
10070,vitajan
11564,1bdv35xaykwwsb40
3309,ligojna
2785,suzanaz
6783,boonkoo
4670,n44bs0kszsickmks
4255,milanka
10197,misslady
5684,anja27
3866,pina
17686,roncolino
1426,rene
1553,riko
17588,ledenka_
14811,msegov
6359,riko
13180,tjanca
14831,KuharicaStoja
2096,anazus
11044,evamaja
13505,damjanas
13016,mfa7nqe1zmhz10sy
13379,ml9ze7w0sxb5f4k1
1190,mobng12
4440,harmonija
65,marinka
4377,jade
11201,mansaj
14392,jannaa
14137,vmxxscgcvln59494
1667,marinka
13276,katka0
16159,ninck88
4123,galja
16802,tacyka
380,marinka
1670,henri
3726,tanjam
6140,sarabande
1276,
11629,recepti
393,marinka
4000,cw2fkcjwqhkpx7l7
7199,atina
6780,stasafrank
2706,majda
5698,simona84
12726,tica
17720,dinna
19139,manuelaj
4178,keyj
9457,valerci
2192,viva
15352,suziqatro
4663,reca
1509,riko
2728,stasafrank
13535,dete
1736,riko
10540,jade
5044,sarabande
4842,dalsi
4108,tjanca
12037,vanja_v_zda
141,marinka
1896,tiuba
11754,orange
378,marinka
9450,zzvone
410,mija
10855,mamamia
16994,anansie
12581,pvxlmgerlboiytsj
12221,certa
1929,goga
1660,riko
2535,ribaracarak
11585,pqp1xni8z084fd2x
6880,klea
3158,p8uwoece9l1wgagg
14346,kuharca87
5737,maja85
5428,recepti
1957,mobng12
5600,ivonja
3387,riko
3081,sparko
4104,tjanca
5692,riko
14759,misolovka
3867,pegasti
3618,77i7vcpswfcizk1e
1501,387nsx1q7xkldeh5
2054,dalsi
4342,jade
3914,gizelca
13212,ribica
10189,doriika
301,marinka
9777,mijan
13838,rokco
10155,mamamia
5554,e8jorvq209b9tqdr
11757,gogad
10273,piaa
7200,1bdv35xaykwwsb40
2482,malakuharca
10373,berny
10578,dafke
2022,rebeka
12615,Rozmarincek
4543,majdi
3152,carmen
11562,taia
9494,merrii
5510,piap
6599,katkad
10247,jade
2271,milojka
9713,ela
4972,anansie
5928,mojke
1371,riko
3232,riko
2889,matic
6439,val
6415,val
373,
14695,cykzs2eahazxttxp
14387,n43g7b0hxr0h5pls
4142,galja
10079,k5k7au0hrsfu2zqd
6387,6pq2kk9l305g52h8
13284,jiic23j3bygagxo7
854,leja
1390,riko
7062,aki
5858,darjuska
13432,migla
8139,karmelinca
4413,veri
13727,75sujm6nffmrzfuv
10851,mamamia
11944,76lsnm6i4fblornw
6670,renatana
5350,dgf4zn05uk5htvs4
8194,645xo26kvfk2k05t
17130,cutie
16858,wqym8imww6t0otbi
12038,vanja_v_zda
17146,bannanna
6801,anja
9342,09vby3lukxhbwrjl
457,
10205,w0crvf64f4fsoygb
11694,MorskaMedvedka
16806,katjaf
11144,tibe
9745,minkica
1520,marta
10408,gianja
12857,jyzioujfehj09g97
10602,trezika
1699,venturini
6766,dascha
4139,galja
3262,majdi
2481,marinka
4956,ogtze60n3kv66hw4
2430,riko
12210,marko137
16782,darka56
3263,Alna
10410,jasna1
5163,petramark
9677,levinjav
5076,
6213,btw7a10tzi3fuawl
5228,vanjatajnsek
11067,nikitamena
4630,mary
3332,miram
16589,ljuljak
683,marta
6827,
6285,jokl
5513,riko
10074,k5k7au0hrsfu2zqd
17221,bannanna
1758,luka
12041,vanja_v_zda
9797,3r4e6zch1crwz3pi
1855,rskulj
13328,Rozmarincek
4608,kokos
18282,DBpek
1926,loredana
4828,migla
5886,majdi
1340,
2032,aja
13038,abby
4372,jade
9409,Rozmarincek
13726,Rozmarincek
5766,nicol
5691,noa
5047,zupca
4461,5lojcl5yv1z8vtj5
6419,mamazeljka
4037,paia8ion0xfnfpbk
7125,bojanam
14123,junior
7171,veverica
11526,mamaf
4888,veri
10601,wuhmoy2amhko0woj
2428,tiuba
11994,skoce
8164,titta
6063,majdi
15639,pupika001
333,marinka
14062,jannaa
10276,w0crvf64f4fsoygb
4164,mikrob
7092,tasau
5937,dgf4zn05uk5htvs4
6622,peresce
3300,tjanca
17887,brigita23
14228,Rozmarincek
18042,marta
10124,anja27
4768,bozena
12329,tulka
2108,milojka
17668,karin_
17268,83uxdyk36smq6cmq
12042,bonanza
12220,1bdv35xaykwwsb40
9693,plopsa
4534,santina
386,
4964,drot
14254,izletnica
16686,vn1983
14873,KuharicaStoja
11147,macica
3073,bucka
6337,e8f6n48nx9z67ata
6302,mamamia
1860,riko
11986,1dviwr82i8zfrmrg
6251,kokos
8226,bernarda85
18195,katiuscia
4709,lsustar
6566,cukerpeker
12572,sabinka
3830,riko
18232,poticka1234
9604,levinjav
11424,rukula
19348,marta
7116,valerci
866,
10358,jade
8284,val
1274,cvetanataubika
2649,marinka
1208,vileda
6850,slovinkita
2943,tiuba
2028,rebeka
14129,tz8oifnfivazrtlr
7129,klavdijaf
14625,tincy202
3695,janca
6943,Balenka
404,marinka
14691,z0jovb2yhdjzhiyd
4256,pinki
4589,pinki
11315,mojca32
6841,muffin
11367,ub7w73aoeey1bujy
4535,sijatjanek
14851,Liljanca
12332,migla
4702,v9zoq1y10fbrrp68
7167,val
2405,xgkk5hh272vlrbin
14421,sloncica
18344,redika
5801,goranka
12807,leina
16693,mayyci
17311,bannanna
14477,gocap
6523,jasna1
4573,jade
2924,riko
5034,dusano
14884,coconut
2267,karolina
2266,karolina
14375,nivkapivka
8142,22ihajte1y1nwo33
4233,galja
3787,migla
448,
13927,drqpskerqq464sf1
13422,tejch
11270,basti
3197,majdi
11088,mamaf
3202,evita
5914,k5k7au0hrsfu2zqd
6042,sissi
10068,fresh
4835,gqzgzjmrwov2vcdj
731,
4733,migla
4153,631141
12364,talijaa
2400,asja
13801,sunny79
6842,lmd05mtulumzmkau
1620,riko
826,marinka
11126,ursacol02
10234,titta
11283,zboxymm15k679kdb
9760,minkica
4808,jade
13612,59q9jzzfg3bucmju
11510,ukjs79ctspkpxb1k
14193,slopumpkins
10202,4extdyr1q247t7l9
11662,migla
6487,val
445,
17563,bannanna
18376,rebecca
20194,8zkrzuoiu6bsg8ui
1457,marta
9699,lonalina
5650,tintin
1250,
12560,petika
1401,marta
11987,MorskaMedvedka
11357,plezalka
3454,riko
6897,galja
5469,dascha
3524,ribica
6488,mamazeljka
6745,majdi
4345,jade
1806,luka007
2157,jerca
2087,dalsi
10137,venturini
9538,bernarda85
11590,1dviwr82i8zfrmrg
1956,mobng12
10267,evamaja
11865,Rozmarincek
3818,barbi23
4699,riko
3447,lidka
14227,bannanna
19283,nikki
1138,
6133,dalsi
5522,anja
6031,7indi61bjpz3o2pu
5453,urssula
10832,janadam
128,marinka
783,matejci
10741,anja27
2472,pinki
15076,anjaboris
11972,72fvhtm4hsu9wdyl
5917,bozena
13541,jade
14476,uj25
17726,Nives87
3049,hi18yp0tspps1ost
5689,jasnalekan
12144,maagnolia
3854,sladana
5548,migla
5206,lmiran
4689,migla
4380,riko
6614,aki
13687,enanova
1946,
4959,migla
11969,lucka52
8403,boonkoo
4458,ligojna
1334,yabl9hcmwrf3shc8
5579,pegasti
10088,ksenjako
4788,bozena
4517,julia
1774,riko
3984,p8uwoece9l1wgagg
16857,matejavres
9530,btw7a10tzi3fuawl
6563,fleur
7050,anagerzina
436,
6424,val
5533,bela_vrtnica
18258,dobrojesti
12299,vanja_v_zda
17572,srcek
4130,galja
5576,riko
7152,sweetie
5879,sxsvdc7rfb7goydw
16958,Tadeja_k
1750,tiuba
15510,ninja24
8171,bernarda85
10889,ajvika
5680,julia
4101,Loni
4302,bojanam
10259,leteja
9493,senka
10538,trot
11435,lunastar
12416,vanja_v_zda
14559,leyla_
13235,pvxlmgerlboiytsj
5017,burbonka
3362,ligojna
10121,mamamia
11249,angelique
11308,karamazov
19514,Tjasa82
14047,vanja_v_zda
16498,mamamia
9545,kx0pi9ke7t7zgi4h
5705,mamamia
13756,s09c9rrprvy0g5ao
5251,vhvdjz5ifquxzsuo
5082,
11073,katja_no1
6400,Rozmarincek
14107,jannaa
10575,dafke
2478,prekmurc
12685,slava
14649,misolovka
3670,trixi
16199,sweetie
5647,recepti
2468,Loni
13790,alen1993
12834,rimljanka
11152,roncolino
6135,7indi61bjpz3o2pu
5888,btw7a10tzi3fuawl
3494,ligojna
13940,ibiza
5927,sissi
6320,val
2671,bojan79
258,marinka
3055,karmenslo
17823,Moana
5964,mamamia
4384,jade
11014,bannanna
2956,jasnokrasna
10132,sj9i7sbdx1gemmvw
5671,misslady
15953,fhsyt13bad9irubd
10279,deklina
2035,megi
2407,tiuba
6413,val
4149,bbgg
3690,Loni
10931,duskamb
14002,bernarda85
8244,inkubaterica
3834,malan
7089,bernarda85
5926,koderkoli
131,marinka
16032,smernica
1633,tiuba
5667,suzi
329,
302,marinka
4784,gordana
8177,bogot
10498,umki
6065,kristinag
5717,btw7a10tzi3fuawl
11910,spagon
1336,riko
9627,majekzmajek
5357,martinazu
2418,elaphus
1755,Loni
8103,anagerzina
23,marinka
3543,sladkosned
6986,veri
10947,jolbedzvqi997j2d
10550,w0crvf64f4fsoygb
2358,n44bs0kszsickmks
8293,o6ce6v0b0xabmgx1
10811,u9dbgx1l23x5wadt
12341,migla
4289,pumpkin
8291,anja27
9882,u9dbgx1l23x5wadt
9406,mansaj
9371,majdi
10278,jelenckova
19302,DBpek
17224,bannanna
12062,anitka_
324,
14218,roux
4653,tjas
14451,ifc2zwdsqchitowa
5582,1bdv35xaykwwsb40
15861,bannanna
13340,gocap
6371,scorpy
15605,bannanna
12199,vanja_v_zda
15442,sweetie
3417,riko
1894,tjanca
13558,arepnik
6292,xzevy5dpgt2st6ws
3823,stanka
4969,barbaronca
13819,sabinicak
9966,bellatrix
6682,ursa40
9355,muffin
10606,alovsin
14372,btw7a10tzi3fuawl
6671,al1a
216,marinka
14781,annabella25
20057,lellykely
8228,dgf4zn05uk5htvs4
125,marinka
4736,kokos
12528,Rozmarincek
11183,MorskaMedvedka
6283,ogtze60n3kv66hw4
11577,z3z1gjibg9a848ms
8308,mamamia
14777,kikerada
18083,9lcucaxk7y9l02oj
4335,jade
13324,AMBA
9537,rmsk6ku15pj21by5
6610,kalcicl
15948,pupika001
10330,veverica
13398,reby
12580,vanja_v_zda
7002,klea
17327,ZvonkaK
3047,karmenslo
6229,galja
13309,plezalka
17998,tanja26
6483,mamamia
3660,pmhnkhxgx7f11h13
62,marinka
5890,mt0hknlq8uuvanxc
14036,Janca_Pomaranca
5383,sarabande
14600,anastassya
10196,misslady
2262,kreich
6598,misslady
11922,bojci28
11,marinka
5865,anagerzina
10918,tinkerbell
5114,_zala_
11519,darjuska
4907,zima
5138,reby
12882,vanja_v_zda
6467,lady_l
6568,rk8hsl451dgej5hg
3635,631141
9949,wv7xc5m2yhmgybs1
9738,nana1
10078,lidia
3094,bucka
1522,marta
10393,darjuska
2662,dalsi
17452,lona
15872,kikerada
115,marinka
1449,marta
2916,milojka
2675,4oby0vc980pztdq2
12243,vanja_v_zda
7219,breskev
4597,nalin
11810,sweets
5707,pia4
5712,ushergirl
13787,sonic
15606,Rozmarincek
19063,lucka52
3721,majdi
20339,midvakuhava
6912,dascha
19352,qh5rsw3geih1jezd
16897,zes5ana
2540,elaphus
4599,bgajo
6112,mansaj
18051,ml9ze7w0sxb5f4k1
10127,juditat
13886,ub7w73aoeey1bujy
7249,anja
6227,bogomira
3679,elaphus
2972,riko
9404,riko
1518,megi
13889,migla
13149,
4790,andreia
6493,hope
14939,KuharicaStoja
6136,Ognjic
8336,dascha
12707,Rozmarincek
13185,strastna
14381,izletnica
13583,grumova
5919,mufin
3912,anja
5412,dgf4zn05uk5htvs4
14972,tameeeq
7198,tashika
10150,anja27
16298,Lepa_Vida
1502,marta
3253,majdi
2445,elaphus
12377,btw7a10tzi3fuawl
3285,majdi
16257,ledenka_
9595,bernarda85
3842,riko
10645,ivona
12915,lucka52
406,nadine
10275,anja89
8350,marna
12955,sweets
2013,morska__deklica
13,marinka
418,marinka
6406,stani
6440,ogtze60n3kv66hw4
8122,ogtze60n3kv66hw4
6312,Ognjic
2561,val330int
15909,Sandra_a
12211,linolina
9855,katkad
3059,pinki
7098,val
11819,wqym8imww6t0otbi
6862,tamalaursa
4290,nia
9988,nemo
11037,kristinag
17266,Vrtejbenka
4723,ddarinka
1728,tiuba
6755,wqym8imww6t0otbi
2872,cw3eg6nt3t8py29f
5351,dgf4zn05uk5htvs4
7091,tasau
10104,gooffy
11380,wqym8imww6t0otbi
5702,ogtze60n3kv66hw4
7286,majuska
14662,ssilva
11111,lucka52
13163,migla
9622,Rozmarincek
10708,pesnica
12177,vanja_v_zda
1503,hali
3024,natkas
2922,janja
5565,jade
5752,goranka
12791,apoto
12127,sloncica
3170,sonjab
13063,pzfpo6hpcdrhcoxx
3106,ligojna
10029,mamamia
14317,zes5ana
11682,sweets
3026,p8uwoece9l1wgagg
5842,mufin
16725,nivkapivka
4155,matevz704
5962,mamamia
10709,pika1
4097,lidka
10035,0838guq8x94i4t9q
13904,fhw878gh0g8y690a
14486,kristinag
5771,rimljanka
5193,sonchika
2027,rebeka
4470,galja
4817,tjas
5234,carmen
3167,anja
12286,herkules
14825,vanja87
1466,marta
153,marinka
11608,wrqqvycl6iiugwx5
8091,sweetie
13134,jyzioujfehj09g97
12684,pu2ycx2ernbmhow7
12365,giftman
6894,ursa40
14204,kissmyass
14088,sokec
190,marinka
8255,jokl
6347,ella
10113,jade
18548,cedevita
5066,mamamia
20044,mmmuffinsandco
4405,lenke
12047,karamazov
8098,gerberaa
7276,4hiivqnvyd6xzypt
1697,hali
3646,tjas
15962,zrnek
11995,MorskaMedvedka
4333,jade
12017,tejcika4
5051,bbgg
10765,vanilija76
14273,btw7a10tzi3fuawl
9510,senka
14120,xh91665q1yxbta8l
5731,ogtze60n3kv66hw4
10848,wildtigress
763,marinka
3507,santina
11055,a8m48zmkyxtdqhth
865,js0ocdg7qod6tnzt
13450,migla
13301,sweetie
11530,mamka
11886,janinka
4117,galja
12291,ninkica
16368,livijabiba
6540,katti
9696,ligojna
9418,funuk11
13684,2khzegjxid7zer50
13128,sweetie
12686,lidia
4549,tjasa79
14618,medvedica
4486,veri
20384,pikapolonica80
8160,atina
12158,Rozmarincek
17076,Tadeja_k
4664,kokos
14069,9erpmju67ya25m7s
16376,krotilda
3533,ligojna
1204,
2635,cokolada
6814,jasna47
13307,tatkap
14171,xh91665q1yxbta8l
5999,stani
12223,vanja_v_zda
11421,muffin
3378,lidka
8386,tasau
3781,bucka
18449,Piya
8381,katti
17564,srcek
9858,1bdv35xaykwwsb40
20355,14moniii
11061,5b9fookqc2egvnfc
7021,dgf4zn05uk5htvs4
13115,i7o6kjezeifc6vgz
12002,vanja_v_zda
1211,anja
8208,val
3198,majdi
1970,val330int
11566,taia
15058,misolovka
12654,nemo
2441,vijolica
3201,majdi
17359,DANY80
12134,plezalka
10264,roncolino
853,marta
6752,pppp
17225,ledenka_
10176,fleur
8111,sj9i7sbdx1gemmvw
3313,irena19
10802,tinka85
12738,n5r0ofars98qtrg2
8357,btw7a10tzi3fuawl
5577,riko
9411,klavdija80
5713,mitja1
5145,moven
11966,vanja_v_zda
18332,mili25
4411,jade
12253,zmesnjavca
309,marinka
13954,Rozmarincek
13088,tulka
9871,u8m1rqhtq3vdzv9b
5775,btw7a10tzi3fuawl
10379,patrisha
4349,ameli
4472,aki
1686,tiuba
2102,dalsi
11605,senka
9503,7indi61bjpz3o2pu
2666,katjusa
11974,vanja_v_zda
756,marinka
13006,jovita
15941,zes5ana
15416,missan
9778,ccivpgqqz8nd0mkv
5024,julya
12133,plezalka
11931,MorskaMedvedka
17196,Vrtejbenka
11138,1bdv35xaykwwsb40
4607,kokos
16184,goga
1256,
3649,trixi
7127,m6ud0949cg7588r0
6837,anagerzina
466,maurina
11567,w9tpwr5gr3oll9gp
10083,valeria
10724,qf8nmyfxcdm82kax
8085,mamamia
13745,sarabande
10752,seherezada
12547,herkules
11349,mamaf
1752,
13682,zmesnjavca
5898,mojca2
18695,44s92zc8bu50qgw7
16671,bannanna
11131,ab5aiu3xhk8z9n1s
5824,dgf4zn05uk5htvs4
12008,vanja_v_zda
5817,23dqt17rmaqm0jy4
5910,dgf4zn05uk5htvs4
5467,k5k7au0hrsfu2zqd
2684,4oby0vc980pztdq2
6707,gqzgzjmrwov2vcdj
3637,ligojna
4344,jade
14488,zes5ana
4491,sijatjanek
9542,majuscka
5777,btw7a10tzi3fuawl
7279,bogomira
13342,gocap
14694,mamamia
1818,anze
14057,sloncica
16252,ejsidisi
10917,kristinag
9448,riko
4294,izid
6562,sarabande
7215,gerberaa
12379,btw7a10tzi3fuawl
14754,hlpgmsc2ev92bgms
15869,bannanna
13203,jiic23j3bygagxo7
6343,kalcicl
1938,sebastjana
17479,luccka
6591,anagerzina
5685,anja27
14333,zes5ana
2433,zyshkx6qu5h6nlub
1395,riko
5230,janja14
6086,sarabande
3109,darjapot
1765,malan
14602,Rozmarincek
2223,gordanka
3048,dona34
14562,miszmoke
14607,andraz12
9878,anitae
3650,trixi
14723,sweetie
9360,o6chtezn5xybo6z2
5977,angie24
4624,dabbvknb8lc56oj9
6265,shumnick
10710,majdi
4209,xzevy5dpgt2st6ws
1523,marta
12669,migla
13992,sarabande
16020,Rumkuglca
11843,Rozmarincek
3475,sweetie
10178,npovod1
6576,pegasti
4351,jade
17240,tara78
3607,23dqt17rmaqm0jy4
6405,stani
11385,mamaf
6431,mamazeljka
6485,orange_1
17048,kikerada
10740,misslady
6258,shumnick
12093,mlada_kuharica
4640,trixi
10404,jelenckova
17168,bannanna
3459,bonanza
10899,zdenkica
10983,ub7w73aoeey1bujy
3938,galja
18455,vanja_v_zda
5258,gordana
18893,pupika001
9345,anja
12128,darjuska
3871,anja
6036,tjas
5863,anagerzina
171,
16187,neja2
14583,jannaa
18140,migla
18043,sosana
350,marinka
1925,loredana
11984,mamamia
3174,evita
4990,jade
12703,wqym8imww6t0otbi
4955,gqzgzjmrwov2vcdj
6673,monro
8168,miia
13551,cila
18950,tjasa7
1312,mobng12
8340,dgf4zn05uk5htvs4
13680,ninja24
18506,Sandra_a
11582,taia
4118,galja
16173,Sandra_a
10849,mamamia
276,marinka
5839,riko
12154,mamamia
11081,tinka85
10239,taia
4496,speranza
19909,laia22
5963,mamamia
1385,anja
5796,lipec
7273,matilda
6828,bayjqc3gawws9it4
16933,Vrtejbenka
11637,72fvhtm4hsu9wdyl
10458,wqym8imww6t0otbi
16008,Sandra_a
4796,cw3eg6nt3t8py29f
2600,sarabande
8404,boonkoo
4550,z2d4jcz9k48wqr7n
1885,goga
11151,Rozmarincek
10504,dori
6460,mamazeljka
17259,bannanna
3406,majdi
9924,xmd4k6r2h7eaq427
6398,taia
1891,tjanca
6580,mamazeljka
7030,4hiivqnvyd6xzypt
6129,taia
8186,mamamia
4407,ninca
10096,barb_b
4334,jade
2257,pmhnkhxgx7f11h13
16715,polonauran
743,marta
15988,kyra
18895,rokco
14283,sokec
3119,dafke
8092,sj9i7sbdx1gemmvw
1778,riko
5493,majai
6365,peresce
3025,p8uwoece9l1wgagg
11194,dgf4zn05uk5htvs4
3246,stella
10238,paula
1863,kuralt
14595,PetraPetra
15042,jovita
14274,btw7a10tzi3fuawl
10406,4mp5geavz1zaie61
14896,bannanna
17208,51yvontdcix932vq
11058,MorskaMedvedka
11429,Rozmarincek
8221,katti
13292,ajvika
14643,tarja2
3892,anja
15747,laranina
12284,z3z1gjibg9a848ms
11311,zdenkica
4191,osmica
16974,ledenka_
6716,dgf4zn05uk5htvs4
11426,lucka52
17797,ZvonkaK
1364,
133,
11036,lejla13
15746,flower_power
10169,npovod1
4749,aki
11991,lordofthespoons
10225,dorothea
5427,dgf4zn05uk5htvs4
469,marinka
10130,anya_raikkonen
11032,mamaf
6013,vegetarijanka
2463,vilina
13622,Rozmarincek
11658,sweets
10366,w0crvf64f4fsoygb
1780,riko
1410,ales6m
9805,3r4e6zch1crwz3pi
4399,kj9lqvxof1t2d9cb
17486,Simona89
14722,bannanna
14857,navzikaa
3040,capala
10702,7asgnh1r1r4yaoij
18281,ngy3jg6ymk15yw6i
19797,sherman
2511,riko
5247,carmen
5946,darjuska
16917,zes5ana
6712,5kpggpehgpn8uttj
11837,habibti
7239,jx1aivuap5v14zek
3168,snorci
16388,DANY80
1296,riko
3913,anja
6971,sarabande
5437,urssula
8389,jelcy
10584,matmik1
13785,marec
13266,s09c9rrprvy0g5ao
9679,plopsa
13552,rakuncek
10637,mamamia
1404,marta
14394,Rozmarincek
3096,silva
2965,Gabyi
14159,leyla_
10252,fwdnbxg41bnn9kik
9692,lona
12455,rakuncek
4343,jade
5196,nalin
858,marta
10742,anja27
4114,galja
11887,roncolino
10222,sloncica
14676,Tanaya
6050,robida
14501,vksotlar
12522,vanja_v_zda
4706,lisicka
7006,katti
213,b1jg85rep4zc9kmt
14211,masters
1301,riko
4681,jade
12951,ub7w73aoeey1bujy
5452,urssula
11863,receptor
12493,atina
14099,niijnaa
10299,majuscka
17986,OlivaB
10800,anja27
5687,sara
4728,ssilva
2055,mobng12
11103,hanna
6147,7indi61bjpz3o2pu
1768,tiuba
6354,e8f6n48nx9z67ata
4419,marjana1a
10751,seherezada
11371,miska01
14485,gocap
4126,galja
3872,stanka
3761,matejac
12056,bonanza
342,spela
14632,marec
6336,anagerzina
1423,tkangler
18421,katka285
