id,avtor,spol
1bdv35xaykwwsb40,šjorca,ženska
k5k7au0hrsfu2zqd,stana.r,ženska
jasnalekan,JasnaLekan,ženska
ucs4w5y9tqcoxg5o,p|na,ženska
kyara,Kyara,ženska
p8uwoece9l1wgagg,coco chanel,ženska
Blanchy,Blanchy,ženska
Loni,Loni,spol ni določen oz. marsovec
riko,Riko,spol ni določen oz. marsovec
e8f6n48nx9z67ata,teta torta,ženska
matic,MATIC,spol ni določen oz. marsovec
marelica,marelica,ženska
vitajan,vitajan,ženska
ligojna,ligojna,ženska
suzanaz,SUZANAZ,ženska
boonkoo,boonkoo,ženska
n44bs0kszsickmks,Tanja Kocjan,ženska
milanka,MILANKA,ženska
misslady,MissLady,ženska
anja27,anja27,ženska
pina,pina,ženska
roncolino,Roncolino,ženska
rene,rene,ženska
ledenka_,ledenka_,ženska
msegov,msegov,spol ni določen oz. marsovec
tjanca,Tjanca,ženska
KuharicaStoja,KuharicaStoja,ženska
anazus,anazus,ženska
evamaja,evamaja,ženska
damjanas,damjanas,ženska
mfa7nqe1zmhz10sy,Peteruška,ženska
ml9ze7w0sxb5f4k1,mateja.vidic,ženska
mobng12,mobng12,ženska
harmonija,harmonija,ženska
marinka,Marinka,ženska
jade,jade,ženska
mansaj,mansaj,ženska
jannaa,Jannaa,ženska
vmxxscgcvln59494,Natalija A.,ženska
katka0,katka0,ženska
ninck88,ninck88,ženska
galja,galja,ženska
tacyka,Tacyka,ženska
henri,Henri,moški
tanjam,tanjam,ženska
sarabande,sarabande,moški
,,
recepti,recepti,ženska
cw2fkcjwqhkpx7l7,kuharska knjiga,ženska
atina,Atina,ženska
stasafrank,stasafrank,ženska
majda,majda,ženska
simona84,Simona84,ženska
tica,tica,spol ni določen oz. marsovec
dinna,dinna,ženska
manuelaj,manuelaj,ženska
keyj,keyj,ženska
valerci,Valerci,ženska
viva,viva,ženska
suziqatro,suziqatro,spol ni določen oz. marsovec
reca,Reca,ženska
dete,dete,ženska
dalsi,dalsi,ženska
vanja_v_zda,Vanja_v_ZDA,ženska
tiuba,TIUBA,ženska
orange,orange,ženska
zzvone,ZZVONE,moški
mija,Mija,ženska
mamamia,mamamia,ženska
anansie,Anansie,ženska
pvxlmgerlboiytsj,magic girl,ženska
certa,certa,ženska
goga,goga,ženska
ribaracarak,ribaracarak,ženska
pqp1xni8z084fd2x,tenis/kuharca,ženska
klea,Klea,ženska
kuharca87,kuharca87,ženska
maja85,Maja85,ženska
ivonja,ivonja,ženska
sparko,sparko,spol ni določen oz. marsovec
misolovka,Misolovka,ženska
pegasti,pegasti,ženska
77i7vcpswfcizk1e,Tanči,ženska
387nsx1q7xkldeh5,Suzana Kolenc,ženska
gizelca,gizelca,ženska
ribica,ribica,spol ni določen oz. marsovec
doriika,doriika,ženska
mijan,Mijan,ženska
rokco,ROKCO,moški
e8jorvq209b9tqdr,Katja Rožman,ženska
gogad,gogad,ženska
piaa,piaa,ženska
malakuharca,malakuharca,ženska
berny,berny,ženska
dafke,Dafke,moški
rebeka,Rebeka,ženska
Rozmarincek,anamarija1,spol ni določen oz. marsovec
majdi,majdi,ženska
carmen,carmen,ženska
taia,Taia,ženska
merrii,merrii,ženska
piap,piap,ženska
katkad,KatkaD,ženska
milojka,Milojka,ženska
ela,ela,ženska
mojke,mojke,ženska
val,val,ženska
cykzs2eahazxttxp,leiiča,ženska
n43g7b0hxr0h5pls,karapandža,moški
6pq2kk9l305g52h8,Cukrčk,ženska
jiic23j3bygagxo7,hrči,ženska
leja,LEJA,ženska
aki,aki,ženska
darjuska,darjuška,ženska
migla,Migla,ženska
karmelinca,Karmelinca,spol ni določen oz. marsovec
veri,Veri,ženska
75sujm6nffmrzfuv,White Daisy,ženska
76lsnm6i4fblornw,golubić,ženska
renatana,renatana,ženska
dgf4zn05uk5htvs4,DUŠANKA,ženska
645xo26kvfk2k05t,MAJA 007,spol ni določen oz. marsovec
cutie,cutie,ženska
wqym8imww6t0otbi,Vendelina jr.,ženska
bannanna,bannanna,ženska
anja,anja,ženska
09vby3lukxhbwrjl,Jerneja USA,ženska
w0crvf64f4fsoygb,a1,ženska
MorskaMedvedka,morska medvedka,ženska
katjaf,katjaf,ženska
tibe,tibe,ženska
minkica,minkica,ženska
marta,marta,ženska
gianja,gianja,ženska
jyzioujfehj09g97,Katja D,ženska
trezika,trezika,moški
venturini,Venturini,ženska
dascha,dascha,ženska
ogtze60n3kv66hw4,klavdija mustar,ženska
marko137,Marko137,moški
darka56,darka56,ženska
Alna,Trobec,spol ni določen oz. marsovec
jasna1,jasna1,spol ni določen oz. marsovec
petramark,petramark,ženska
levinjav,Levinjav,ženska
btw7a10tzi3fuawl,Pitončica,spol ni določen oz. marsovec
vanjatajnsek,vanjatajnsek,ženska
nikitamena,Nikitamena,ženska
mary,mary,ženska
miram,miram,ženska
ljuljak,ljuljak,ženska
jokl,JOKL,ženska
luka,luka,spol ni določen oz. marsovec
3r4e6zch1crwz3pi,mlada kuharica,ženska
rskulj,rskulj,moški
kokos,kokos,ženska
DBpek,DBpek,moški
loredana,Loredana,ženska
aja,Aja,ženska
abby,Abby,ženska
nicol,nicol,ženska
noa,Noa,ženska
zupca,Zupca,spol ni določen oz. marsovec
5lojcl5yv1z8vtj5,sunflower@,ženska
mamazeljka,mamazeljka,ženska
paia8ion0xfnfpbk,t-baby,spol ni določen oz. marsovec
bojanam,bojanam,ženska
junior,junior,moški
veverica,veverica,ženska
mamaf,mamaF,ženska
wuhmoy2amhko0woj,lili A.,ženska
skoce,skoce,moški
titta,titta,ženska
pupika001,PUPIKA001,ženska
mikrob,Mikrob,ženska
tasau,tasau,ženska
peresce,peresce,ženska
brigita23,brigita23,ženska
bozena,bozena,ženska
tulka,tulka,spol ni določen oz. marsovec
karin_,karin_,ženska
83uxdyk36smq6cmq,dejanči,ženska
bonanza,bonanza,ženska
plopsa,plopsa,spol ni določen oz. marsovec
santina,santina,ženska
drot,DROT,moški
izletnica,Slavica 52,ženska
vn1983,vn1983,ženska
macica,macica,ženska
bucka,BUCKA,moški
1dviwr82i8zfrmrg,nb,ženska
bernarda85,Bernarda85,ženska
katiuscia,katiuscia,ženska
lsustar,lsustar,spol ni določen oz. marsovec
cukerpeker,cukerpeker,spol ni določen oz. marsovec
sabinka,sabinka,ženska
poticka1234,poticka1234,ženska
rukula,rukula,spol ni določen oz. marsovec
cvetanataubika,cvetanataubika,ženska
vileda,vileda,spol ni določen oz. marsovec
slovinkita,slovinkita,ženska
tz8oifnfivazrtlr,jagoda_čokolada,ženska
klavdijaf,klavdijaF,spol ni določen oz. marsovec
tincy202,tincy202,ženska
janca,janca,ženska
Balenka,Balenka,ženska
z0jovb2yhdjzhiyd,mojca.re,ženska
pinki,pinki,moški
mojca32,Mojca32,ženska
muffin,muffin,ženska
ub7w73aoeey1bujy,katka lopatka,spol ni določen oz. marsovec
sijatjanek,sijatjanek,ženska
Liljanca,Lana1,ženska
v9zoq1y10fbrrp68,bc,ženska
xgkk5hh272vlrbin,MA-RE,moški
sloncica,SLONCICA,ženska
redika,redika,ženska
goranka,goranka,spol ni določen oz. marsovec
leina,LeINA,ženska
mayyci,mayyci,ženska
gocap,GocaP,spol ni določen oz. marsovec
dusano,Dusano,moški
coconut,coconut,ženska
karolina,Karolina,ženska
nivkapivka,nivkapivka,ženska
22ihajte1y1nwo33,Miškolina,ženska
drqpskerqq464sf1,mariborčanka,ženska
tejch,tejch,ženska
basti,Basti,ženska
evita,Evita,ženska
sissi,sissi,ženska
fresh,fresh,spol ni določen oz. marsovec
gqzgzjmrwov2vcdj,terlikar 1,ženska
631141,631141,ženska
talijaa,talijaa,ženska
asja,Asja,ženska
sunny79,sunny79,ženska
lmd05mtulumzmkau,kobra 1,ženska
ursacol02,ursacol02,ženska
zboxymm15k679kdb,tanyči,ženska
59q9jzzfg3bucmju,JERNEJA K.,ženska
ukjs79ctspkpxb1k,mišika,ženska
slopumpkins,slopumpkins,moški
4extdyr1q247t7l9,anja.sr,ženska
rebecca,rebecca,spol ni določen oz. marsovec
8zkrzuoiu6bsg8ui,Sweetness Bakery,ženska
lonalina,lonalina,ženska
tintin,TinTin,ženska
petika,petika,ženska
plezalka,plezalka,ženska
luka007,luka007,moški
jerca,Jerca,ženska
barbi23,barbi23,ženska
lidka,lidka,ženska
nikki,nikki,ženska
7indi61bjpz3o2pu,piščanec,ženska
urssula,urssula,ženska
janadam,janadam,ženska
matejci,Matejci,ženska
anjaboris,anjaboris,ženska
72fvhtm4hsu9wdyl,bojči,ženska
uj25,uj25,moški
Nives87,Nives87,ženska
hi18yp0tspps1ost,Sy,ženska
maagnolia,maagnolia,ženska
sladana,Sladana,ženska
lmiran,lmiran,moški
enanova,enanova,ženska
lucka52,lucka52,ženska
yabl9hcmwrf3shc8,miška,spol ni določen oz. marsovec
ksenjako,ksenjako,ženska
julia,julia,ženska
matejavres,matejavres,ženska
fleur,fleur,spol ni določen oz. marsovec
anagerzina,anagerzina,ženska
bela_vrtnica,Zvezdana,ženska
dobrojesti,dobrojesti,ženska
srcek,srcek,ženska
sweetie,Sweetie,ženska
sxsvdc7rfb7goydw,žana,ženska
Tadeja_k,Tadeja_k,ženska
ninja24,Ninja24,spol ni določen oz. marsovec
ajvika,ajvika,ženska
leteja,Leteja,ženska
senka,senka,ženska
trot,trot,ženska
lunastar,lunastar,ženska
leyla_,Leyla_,ženska
burbonka,burbonka,ženska
angelique,Angelique,ženska
karamazov,karamazov,spol ni določen oz. marsovec
Tjasa82,Tjasa82,ženska
kx0pi9ke7t7zgi4h,.packa.,ženska
s09c9rrprvy0g5ao,sabina bina,ženska
vhvdjz5ifquxzsuo,brči,ženska
katja_no1,katja_no1,ženska
prekmurc,prekmurc,moški
slava,slava,ženska
trixi,Trixi,ženska
alen1993,alen1993,spol ni določen oz. marsovec
rimljanka,rimljanka,ženska
ibiza,ibiza,moški
bojan79,bojan79,moški
karmenslo,karmenslo,ženska
Moana,Moana,ženska
jasnokrasna,jasnokrasna,spol ni določen oz. marsovec
sj9i7sbdx1gemmvw,ursula.s,spol ni določen oz. marsovec
fhsyt13bad9irubd,jure luka,ženska
deklina,DEKLINA,ženska
megi,megi,ženska
bbgg,bbgg,moški
duskamb,duskamb,ženska
inkubaterica,inkubaterica,spol ni določen oz. marsovec
malan,malan,spol ni določen oz. marsovec
koderkoli,koderkoli,ženska
smernica,smernica,ženska
suzi,suzi,ženska
gordana,gordana,ženska
bogot,BogoT,moški
umki,umki,spol ni določen oz. marsovec
kristinag,KristinaG,ženska
spagon,spagon,ženska
majekzmajek,majekzmajek,ženska
martinazu,martinazu,ženska
elaphus,elaphus,ženska
sladkosned,sladkosned,moški
jolbedzvqi997j2d,uros 99,moški
o6ce6v0b0xabmgx1,renata.zagmajster@kabelnet.net,ženska
u9dbgx1l23x5wadt,baby girl,spol ni določen oz. marsovec
pumpkin,Pumpkin,ženska
jelenckova,Jelenckova,spol ni določen oz. marsovec
anitka_,anitka_,ženska
roux,Roux,spol ni določen oz. marsovec
tjas,tjas,ženska
ifc2zwdsqchitowa,Gdč Jasmina,ženska
scorpy,Scorpy,ženska
arepnik,arepnik,moški
xzevy5dpgt2st6ws,Rožica,ženska
stanka,stanka,ženska
barbaronca,barbaronca,ženska
sabinicak,SabinicaK,ženska
bellatrix,bellatrix,spol ni določen oz. marsovec
ursa40,ursa40,ženska
alovsin,alovsin,ženska
al1a,Al1a,ženska
annabella25,Annabella25,ženska
lellykely,lellykely,ženska
z3z1gjibg9a848ms,angie.orhideja,ženska
kikerada,kikerada,ženska
9lcucaxk7y9l02oj,dišeči vrt,ženska
AMBA,MABI,ženska
rmsk6ku15pj21by5,maja g,ženska
kalcicl,kalcicl,ženska
reby,Reby,ženska
ZvonkaK,ZvonkaK,ženska
tanja26,tanja26,ženska
pmhnkhxgx7f11h13,Gašper Kukec,moški
mt0hknlq8uuvanxc,Marjetka cvetka,ženska
Janca_Pomaranca,3.14jana,ženska
anastassya,anastassya,ženska
kreich,kreich,ženska
bojci28,bojci28,moški
tinkerbell,Tinkerbell,ženska
_zala_,_ZALA_,spol ni določen oz. marsovec
zima,zima,ženska
lady_l,Lady_L,ženska
rk8hsl451dgej5hg,mala mare,ženska
wv7xc5m2yhmgybs1,Veronika :),ženska
nana1,nana1,ženska
lidia,lidia,ženska
lona,LoNa,ženska
4oby0vc980pztdq2,Zara-Marisa,ženska
breskev,breskev,ženska
nalin,nalin,ženska
sweets,sweets,ženska
pia4,pia4,ženska
ushergirl,ushergirl,ženska
sonic,sonic,moški
midvakuhava,midvakuhava,spol ni določen oz. marsovec
qh5rsw3geih1jezd,Angel Eyes,ženska
zes5ana,zes5ana,ženska
bgajo,bgajo,moški
juditat,juditat,ženska
bogomira,Bogomira,ženska
andreia,Andreia,ženska
hope,hope,ženska
Ognjic,Ognjič,ženska
strastna,strastna,ženska
grumova,grumova,ženska
mufin,mufin,ženska
tameeeq,Tameeeq,ženska
tashika,Tashika,spol ni določen oz. marsovec
Lepa_Vida,Lepa_Vida,ženska
ivona,ivona,ženska
nadine,Nadine,ženska
anja89,anja89,ženska
marna,Marna,ženska
morska__deklica,Morska deklica,ženska
stani,stani,ženska
val330int,val330int,spol ni določen oz. marsovec
Sandra_a,Sandra_a,ženska
linolina,linolina,ženska
tamalaursa,tamalaursa,ženska
nia,NIA,spol ni določen oz. marsovec
nemo,nemo,ženska
Vrtejbenka,Vrtejbenka,ženska
ddarinka,ddarinka,ženska
cw3eg6nt3t8py29f,dj,ženska
gooffy,gooffy,moški
majuska,Majuska,ženska
ssilva,ssilva,ženska
pesnica,Pesnica,ženska
hali,HALI,ženska
natkas,natkas,spol ni določen oz. marsovec
janja,Janja,ženska
apoto,apoto,ženska
sonjab,SonjaB,ženska
pzfpo6hpcdrhcoxx,Matejčika,ženska
matevz704,matevz704,spol ni določen oz. marsovec
pika1,PIKA1,ženska
0838guq8x94i4t9q,A.Jerneja,ženska
fhw878gh0g8y690a,mala žaba,ženska
sonchika,sonchika,ženska
herkules,herkules,ženska
vanja87,Vanja87,ženska
wrqqvycl6iiugwx5,Šef Sebastjan,moški
pu2ycx2ernbmhow7,brigita.k.,ženska
giftman,giftman,moški
kissmyass,kissmyass,ženska
sokec,sokec,ženska
ella,Ella,ženska
cedevita,cedevita,ženska
mmmuffinsandco,mmmuffinsandco,ženska
lenke,lenke,ženska
gerberaa,gerberaa,ženska
4hiivqnvyd6xzypt,Danijela-6,spol ni določen oz. marsovec
zrnek,ZRNEK,moški
tejcika4,tejčika,ženska
vanilija76,vanilija76,ženska
xh91665q1yxbta8l,maičko*,ženska
wildtigress,WildTigress,ženska
a8m48zmkyxtdqhth,*~Petra~*,ženska
js0ocdg7qod6tnzt,Barbara Serbec,ženska
mamka,mamka,ženska
janinka,Janinka,ženska
ninkica,ninkica,ženska
livijabiba,livijabiba,spol ni določen oz. marsovec
katti,katti,ženska
funuk11,funuk11,ženska
2khzegjxid7zer50,Katarina K,ženska
tjasa79,tjasa79,ženska
medvedica,medvedica,ženska
pikapolonica80,pikapolonica80,ženska
9erpmju67ya25m7s,teti kristina,ženska
krotilda,krotilda,ženska
cokolada,Cokolada,ženska
jasna47,jasna47,ženska
tatkap,TatkaP,ženska
Piya,Piya,ženska
14moniii,14moniii,ženska
5b9fookqc2egvnfc,*CaTh*,ženska
i7o6kjezeifc6vgz,la tina,moški
vijolica,vijolica,ženska
DANY80,DANY80,ženska
pppp,pppp,ženska
irena19,Irena19,ženska
tinka85,tinka85,ženska
n5r0ofars98qtrg2,ČRNICA,ženska
klavdija80,klavdija80,ženska
mitja1,mitja1,moški
moven,moven,moški
mili25,mili25,ženska
zmesnjavca,zmesnjavca,ženska
u8m1rqhtq3vdzv9b,Katjuška,ženska
patrisha,patrisha,spol ni določen oz. marsovec
ameli,ameli,ženska
katjusa,katjusa,ženska
jovita,jovita,ženska
missan,missan,ženska
ccivpgqqz8nd0mkv,Marina 46,ženska
julya,Julya,ženska
m6ud0949cg7588r0,živica,ženska
maurina,maurina,ženska
w9tpwr5gr3oll9gp,~witch~fire,ženska
valeria,valeria,ženska
qf8nmyfxcdm82kax,činča,ženska
seherezada,seherezada,ženska
mojca2,mojca2,spol ni določen oz. marsovec
44s92zc8bu50qgw7,BABI 2+2,ženska
ab5aiu3xhk8z9n1s,cačko,ženska
23dqt17rmaqm0jy4,Dragička,ženska
majuscka,Majuscka,ženska
anze,anze,spol ni določen oz. marsovec
ejsidisi,ejsidisi,ženska
izid,izid,ženska
hlpgmsc2ev92bgms,URŠA_mojstrica,ženska
sebastjana,Sebastjana,ženska
luccka,luccka,ženska
zyshkx6qu5h6nlub,lenci 123,spol ni določen oz. marsovec
janja14,janja14,ženska
darjapot,darjapot,ženska
gordanka,Gordanka,ženska
dona34,dona34,ženska
miszmoke,mišzmoke,ženska
andraz12,andraz12,moški
anitae,anitae,ženska
o6chtezn5xybo6z2,ati zlati,moški
angie24,angie24,ženska
dabbvknb8lc56oj9,björk,ženska
shumnick,shumnick,moški
Rumkuglca,Rumkuglca,ženska
npovod1,npovod1,ženska
tara78,tara78,ženska
orange_1,Orange_1,moški
mlada_kuharica,Mlada_kuharica,ženska
zdenkica,Zdenkica,ženska
neja2,neja2,ženska
sosana,sosana,ženska
monro,monro,ženska
miia,miia,ženska
cila,Cila,ženska
tjasa7,tjasa7,ženska
speranza,Speranza,ženska
laia22,laia22,ženska
lipec,lipec,ženska
matilda,matilda,ženska
bayjqc3gawws9it4,deklica iz kuhinje,ženska
z2d4jcz9k48wqr7n,d.,ženska
dori,DORI,ženska
xmd4k6r2h7eaq427,Anja Poljšak,ženska
ninca,ninca,spol ni določen oz. marsovec
barb_b,barb_b,ženska
polonauran,polonauran,ženska
kyra,kyra,ženska
majai,Majai,ženska
stella,stella,ženska
paula,Paula,ženska
kuralt,kuralt,moški
PetraPetra,PetraPetra,ženska
4mp5geavz1zaie61,patricia 3,ženska
51yvontdcix932vq,urškah,ženska
tarja2,tarja2,ženska
laranina,laranina,ženska
osmica,osmica,ženska
lejla13,Lejla13,ženska
flower_power,flower_power,spol ni določen oz. marsovec
lordofthespoons,Kapitan Velika Žlica,moški
dorothea,Dorothea,ženska
anya_raikkonen,anya_raikkonen,ženska
vegetarijanka,vegetarijanka,ženska
vilina,Vilina,ženska
ales6m,ales6m,moški
kj9lqvxof1t2d9cb,TanjaG.,ženska
Simona89,Simona89,ženska
navzikaa,Navzikaa,ženska
capala,capala,ženska
7asgnh1r1r4yaoij,vucko1.1,ženska
ngy3jg6ymk15yw6i,Zakladnica AnaM,ženska
sherman,sherman,moški
5kpggpehgpn8uttj,kača,ženska
habibti,habibti,ženska
jx1aivuap5v14zek,lakom-lačen,ženska
snorci,snorci,ženska
jelcy,jelcy,ženska
matmik1,matmik1,ženska
marec,marec,ženska
rakuncek,Rakuncek,ženska
silva,silva,ženska
Gabyi,Gabriela,ženska
fwdnbxg41bnn9kik,tinik@,ženska
Tanaya,Tanaya,ženska
robida,Robida,ženska
vksotlar,vksotlar,ženska
lisicka,lisicka,ženska
b1jg85rep4zc9kmt,Meta J.,ženska
masters,masters,ženska
receptor,receptor,moški
niijnaa,niijnaa,ženska
OlivaB,OlivaB,ženska
sara,sara,ženska
hanna,hanna,ženska
marjana1a,Marjana1a,ženska
miska01,MISKA01,ženska
matejac,matejac,ženska
spela,spela,ženska
tkangler,tkangler,ženska
katka285,katka285,ženska
